[{"Category": "Restaurants", "State": "AZ", "Count": 7985},
{"Category": "Restaurants", "State": "NV", "Count": 4960},
{"Category": "Shopping", "State": "AZ", "Count": 3787},
{"Category": "Food", "State": "AZ", "Count": 2835},
{"Category": "Shopping", "State": "NV", "Count": 2413},
{"Category": "Restaurants", "State": "QC", "Count": 2353},
{"Category": "Beauty & Spas", "State": "AZ", "Count": 2288},
{"Category": "Restaurants", "State": "NC", "Count": 2013},
{"Category": "Food", "State": "NV", "Count": 1797},
{"Category": "Health & Medical", "State": "AZ", "Count": 1773},
{"Category": "Home Services", "State": "AZ", "Count": 1716},
{"Category": "Automotive", "State": "AZ", "Count": 1582},
{"Category": "Beauty & Spas", "State": "NV", "Count": 1550},
{"Category": "Restaurants", "State": "PA", "Count": 1361},
{"Category": "Nightlife", "State": "AZ", "Count": 1244},
{"Category": "Mexican", "State": "AZ", "Count": 1197},
{"Category": "Active Life", "State": "AZ", "Count": 1148},
{"Category": "Nightlife", "State": "NV", "Count": 1131},
{"Category": "Bars", "State": "AZ", "Count": 1084},
{"Category": "Restaurants", "State": "EDH", "Count": 1075},
{"Category": "Local Services", "State": "AZ", "Count": 1074},
{"Category": "Health & Medical", "State": "NV", "Count": 1065},
{"Category": "Fast Food", "State": "AZ", "Count": 1035},
{"Category": "Restaurants", "State": "WI", "Count": 981},
{"Category": "Fashion", "State": "AZ", "Count": 963},
{"Category": "Pizza", "State": "AZ", "Count": 944},
{"Category": "American (Traditional)", "State": "AZ", "Count": 924},
{"Category": "Automotive", "State": "NV", "Count": 887},
{"Category": "Event Planning & Services", "State": "AZ", "Count": 866},
{"Category": "Bars", "State": "NV", "Count": 854},
{"Category": "Sandwiches", "State": "AZ", "Count": 834},
{"Category": "Home Services", "State": "NV", "Count": 814},
{"Category": "Fashion", "State": "NV", "Count": 798},
{"Category": "Shopping", "State": "NC", "Count": 786},
{"Category": "Arts & Entertainment", "State": "NV", "Count": 768},
{"Category": "Food", "State": "QC", "Count": 727},
{"Category": "Active Life", "State": "NV", "Count": 704},
{"Category": "Hotels & Travel", "State": "AZ", "Count": 702},
{"Category": "Fast Food", "State": "NV", "Count": 695},
{"Category": "Local Services", "State": "NV", "Count": 682},
{"Category": "Shopping", "State": "EDH", "Count": 679},
{"Category": "Food", "State": "NC", "Count": 672},
{"Category": "Event Planning & Services", "State": "NV", "Count": 661},
{"Category": "Mexican", "State": "NV", "Count": 593},
{"Category": "Hotels & Travel", "State": "NV", "Count": 591},
{"Category": "Food", "State": "EDH", "Count": 541},
{"Category": "Food", "State": "PA", "Count": 534},
{"Category": "American (Traditional)", "State": "NV", "Count": 522},
{"Category": "Arts & Entertainment", "State": "AZ", "Count": 509},
{"Category": "Pizza", "State": "NV", "Count": 491},
{"Category": "Nightlife", "State": "EDH", "Count": 477},
{"Category": "Restaurants", "State": "BW", "Count": 469},
{"Category": "Sandwiches", "State": "NV", "Count": 446},
{"Category": "Bars", "State": "EDH", "Count": 424},
{"Category": "Food", "State": "WI", "Count": 379},
{"Category": "Nightlife", "State": "QC", "Count": 374},
{"Category": "Shopping", "State": "PA", "Count": 351},
{"Category": "Nightlife", "State": "NC", "Count": 349},
{"Category": "Shopping", "State": "WI", "Count": 346},
{"Category": "Beauty & Spas", "State": "NC", "Count": 339},
{"Category": "Bars", "State": "NC", "Count": 312},
{"Category": "Nightlife", "State": "PA", "Count": 309},
{"Category": "Shopping", "State": "QC", "Count": 295},
{"Category": "Bars", "State": "PA", "Count": 278},
{"Category": "Bars", "State": "QC", "Count": 278},
{"Category": "Restaurants", "State": "IL", "Count": 264},
{"Category": "American (Traditional)", "State": "NC", "Count": 257},
{"Category": "Restaurants", "State": "ON", "Count": 244},
{"Category": "Event Planning & Services", "State": "NC", "Count": 228},
{"Category": "Sandwiches", "State": "NC", "Count": 227},
{"Category": "Fashion", "State": "NC", "Count": 227},
{"Category": "Fashion", "State": "EDH", "Count": 223},
{"Category": "Fast Food", "State": "NC", "Count": 221},
{"Category": "Nightlife", "State": "WI", "Count": 220},
{"Category": "Automotive", "State": "NC", "Count": 208},
{"Category": "Bars", "State": "WI", "Count": 200},
{"Category": "Pizza", "State": "PA", "Count": 196},
{"Category": "Active Life", "State": "NC", "Count": 193},
{"Category": "Pizza", "State": "NC", "Count": 190},
{"Category": "Hotels & Travel", "State": "NC", "Count": 189},
{"Category": "Event Planning & Services", "State": "QC", "Count": 189},
{"Category": "Hotels & Travel", "State": "QC", "Count": 188},
{"Category": "Event Planning & Services", "State": "EDH", "Count": 173},
{"Category": "Food", "State": "BW", "Count": 173},
{"Category": "Hotels & Travel", "State": "EDH", "Count": 165},
{"Category": "Arts & Entertainment", "State": "NC", "Count": 158},
{"Category": "Fast Food", "State": "EDH", "Count": 157},
{"Category": "Beauty & Spas", "State": "PA", "Count": 156},
{"Category": "Mexican", "State": "NC", "Count": 153},
{"Category": "American (Traditional)", "State": "PA", "Count": 151},
{"Category": "Pizza", "State": "QC", "Count": 151},
{"Category": "Health & Medical", "State": "NC", "Count": 147},
{"Category": "Home Services", "State": "NC", "Count": 143},
{"Category": "Local Services", "State": "NC", "Count": 141},
{"Category": "Arts & Entertainment", "State": "EDH", "Count": 134},
{"Category": "Sandwiches", "State": "PA", "Count": 129},
{"Category": "American (Traditional)", "State": "WI", "Count": 127},
{"Category": "Beauty & Spas", "State": "WI", "Count": 126},
{"Category": "Arts & Entertainment", "State": "PA", "Count": 125},
{"Category": "Shopping", "State": "BW", "Count": 122},
{"Category": "Arts & Entertainment", "State": "QC", "Count": 120},
{"Category": "Event Planning & Services", "State": "WI", "Count": 117},
{"Category": "Sandwiches", "State": "QC", "Count": 112},
{"Category": "Event Planning & Services", "State": "PA", "Count": 108},
{"Category": "Restaurants", "State": "SC", "Count": 106},
{"Category": "Beauty & Spas", "State": "EDH", "Count": 106},
{"Category": "Pizza", "State": "WI", "Count": 103},
{"Category": "Nightlife", "State": "BW", "Count": 103},
{"Category": "Active Life", "State": "PA", "Count": 102},
{"Category": "Automotive", "State": "PA", "Count": 101},
{"Category": "Fashion", "State": "QC", "Count": 101},
{"Category": "Automotive", "State": "WI", "Count": 98},
{"Category": "Fashion", "State": "PA", "Count": 91},
{"Category": "Active Life", "State": "WI", "Count": 91},
{"Category": "Fashion", "State": "WI", "Count": 91},
{"Category": "Beauty & Spas", "State": "QC", "Count": 91},
{"Category": "Shopping", "State": "IL", "Count": 90},
{"Category": "Hotels & Travel", "State": "WI", "Count": 89},
{"Category": "Active Life", "State": "QC", "Count": 89},
{"Category": "Sandwiches", "State": "WI", "Count": 87},
{"Category": "Mexican", "State": "WI", "Count": 86},
{"Category": "Food", "State": "IL", "Count": 86},
{"Category": "Sandwiches", "State": "EDH", "Count": 85},
{"Category": "Hotels & Travel", "State": "PA", "Count": 84},
{"Category": "Local Services", "State": "PA", "Count": 80},
{"Category": "Active Life", "State": "EDH", "Count": 80},
{"Category": "Bars", "State": "BW", "Count": 75},
{"Category": "Arts & Entertainment", "State": "WI", "Count": 70},
{"Category": "Local Services", "State": "WI", "Count": 68},
{"Category": "Mexican", "State": "PA", "Count": 67},
{"Category": "Food", "State": "ON", "Count": 67},
{"Category": "Health & Medical", "State": "PA", "Count": 65},
{"Category": "Fast Food", "State": "PA", "Count": 65},
{"Category": "Health & Medical", "State": "WI", "Count": 64},
{"Category": "Fast Food", "State": "QC", "Count": 63},
{"Category": "Home Services", "State": "WI", "Count": 62},
{"Category": "Restaurants", "State": "MLN", "Count": 60},
{"Category": "Fast Food", "State": "WI", "Count": 59},
{"Category": "Hotels & Travel", "State": "BW", "Count": 58},
{"Category": "Nightlife", "State": "IL", "Count": 56},
{"Category": "Bars", "State": "IL", "Count": 52},
{"Category": "Local Services", "State": "EDH", "Count": 52},
{"Category": "Mexican", "State": "QC", "Count": 51},
{"Category": "Event Planning & Services", "State": "BW", "Count": 51},
{"Category": "Pizza", "State": "BW", "Count": 51},
{"Category": "Home Services", "State": "PA", "Count": 50},
{"Category": "American (Traditional)", "State": "QC", "Count": 44},
{"Category": "Nightlife", "State": "ON", "Count": 40},
{"Category": "Fashion", "State": "BW", "Count": 40},
{"Category": "Pizza", "State": "EDH", "Count": 39},
{"Category": "Bars", "State": "ON", "Count": 37},
{"Category": "Beauty & Spas", "State": "BW", "Count": 37},
{"Category": "Active Life", "State": "BW", "Count": 36},
{"Category": "Event Planning & Services", "State": "IL", "Count": 35},
{"Category": "Health & Medical", "State": "EDH", "Count": 34},
{"Category": "Arts & Entertainment", "State": "BW", "Count": 34},
{"Category": "Health & Medical", "State": "BW", "Count": 33},
{"Category": "Food", "State": "SC", "Count": 32},
{"Category": "Hotels & Travel", "State": "IL", "Count": 32},
{"Category": "Beauty & Spas", "State": "IL", "Count": 31},
{"Category": "Pizza", "State": "IL", "Count": 31},
{"Category": "Fast Food", "State": "BW", "Count": 30},
{"Category": "Automotive", "State": "IL", "Count": 29},
{"Category": "Sandwiches", "State": "IL", "Count": 28},
{"Category": "Mexican", "State": "IL", "Count": 27},
{"Category": "American (Traditional)", "State": "IL", "Count": 26},
{"Category": "Home Services", "State": "IL", "Count": 25},
{"Category": "Fashion", "State": "IL", "Count": 25},
{"Category": "American (Traditional)", "State": "EDH", "Count": 24},
{"Category": "Fast Food", "State": "IL", "Count": 22},
{"Category": "American (Traditional)", "State": "ON", "Count": 21},
{"Category": "Event Planning & Services", "State": "ON", "Count": 19},
{"Category": "Home Services", "State": "EDH", "Count": 19},
{"Category": "Shopping", "State": "MLN", "Count": 19},
{"Category": "Sandwiches", "State": "ON", "Count": 18},
{"Category": "Fast Food", "State": "ON", "Count": 18},
{"Category": "Nightlife", "State": "MLN", "Count": 18},
{"Category": "Automotive", "State": "BW", "Count": 18},
{"Category": "Health & Medical", "State": "IL", "Count": 17},
{"Category": "Local Services", "State": "IL", "Count": 17},
{"Category": "Automotive", "State": "QC", "Count": 17},
{"Category": "Bars", "State": "MLN", "Count": 17},
{"Category": "Mexican", "State": "EDH", "Count": 16},
{"Category": "Local Services", "State": "BW", "Count": 16},
{"Category": "Active Life", "State": "IL", "Count": 15},
{"Category": "Hotels & Travel", "State": "ON", "Count": 15},
{"Category": "Shopping", "State": "ON", "Count": 15},
{"Category": "Pizza", "State": "ON", "Count": 15},
{"Category": "Bars", "State": "SC", "Count": 14},
{"Category": "Nightlife", "State": "SC", "Count": 14},
{"Category": "Food", "State": "MLN", "Count": 14},
{"Category": "American (Traditional)", "State": "SC", "Count": 13},
{"Category": "Shopping", "State": "SC", "Count": 13},
{"Category": "Fast Food", "State": "SC", "Count": 12},
{"Category": "Arts & Entertainment", "State": "IL", "Count": 12},
{"Category": "Home Services", "State": "BW", "Count": 12},
{"Category": "Beauty & Spas", "State": "SC", "Count": 11},
{"Category": "Health & Medical", "State": "QC", "Count": 11},
{"Category": "Hotels & Travel", "State": "MLN", "Count": 11},
{"Category": "Mexican", "State": "SC", "Count": 10},
{"Category": "Local Services", "State": "QC", "Count": 10},
{"Category": "Event Planning & Services", "State": "MLN", "Count": 10},
{"Category": "Restaurants", "State": "RP", "Count": 10},
{"Category": "Automotive", "State": "SC", "Count": 9},
{"Category": "Pizza", "State": "SC", "Count": 9},
{"Category": "Automotive", "State": "EDH", "Count": 9},
{"Category": "Active Life", "State": "SC", "Count": 8},
{"Category": "Sandwiches", "State": "SC", "Count": 8},
{"Category": "Event Planning & Services", "State": "SC", "Count": 7},
{"Category": "Home Services", "State": "QC", "Count": 6},
{"Category": "Arts & Entertainment", "State": "ON", "Count": 6},
{"Category": "Restaurants", "State": "ELN", "Count": 6},
{"Category": "Home Services", "State": "SC", "Count": 5},
{"Category": "Fast Food", "State": "MLN", "Count": 5},
{"Category": "Mexican", "State": "BW", "Count": 5},
{"Category": "Automotive", "State": "ON", "Count": 4},
{"Category": "Fashion", "State": "SC", "Count": 4},
{"Category": "American (Traditional)", "State": "BW", "Count": 4},
{"Category": "Sandwiches", "State": "MLN", "Count": 4},
{"Category": "Hotels & Travel", "State": "SC", "Count": 3},
{"Category": "Arts & Entertainment", "State": "SC", "Count": 3},
{"Category": "Beauty & Spas", "State": "ON", "Count": 3},
{"Category": "Local Services", "State": "MLN", "Count": 3},
{"Category": "Arts & Entertainment", "State": "MLN", "Count": 3},
{"Category": "Automotive", "State": "MLN", "Count": 3},
{"Category": "Health & Medical", "State": "SC", "Count": 2},
{"Category": "Arts & Entertainment", "State": "CA", "Count": 2},
{"Category": "Active Life", "State": "ON", "Count": 2},
{"Category": "Food", "State": "ELN", "Count": 2},
{"Category": "Restaurants", "State": "FIF", "Count": 2},
{"Category": "Bars", "State": "ELN", "Count": 2},
{"Category": "Nightlife", "State": "ELN", "Count": 2},
{"Category": "Pizza", "State": "RP", "Count": 2},
{"Category": "Mexican", "State": "ON", "Count": 2},
{"Category": "Active Life", "State": "CA", "Count": 1},
{"Category": "Fashion", "State": "HAM", "Count": 1},
{"Category": "Shopping", "State": "HAM", "Count": 1},
{"Category": "Shopping", "State": "SCB", "Count": 1},
{"Category": "Fast Food", "State": "FIF", "Count": 1},
{"Category": "Hotels & Travel", "State": "SCB", "Count": 1},
{"Category": "Event Planning & Services", "State": "SCB", "Count": 1},
{"Category": "Fashion", "State": "ON", "Count": 1},
{"Category": "Restaurants", "State": "XGL", "Count": 1},
{"Category": "Nightlife", "State": "NTH", "Count": 1},
{"Category": "Arts & Entertainment", "State": "FIF", "Count": 1},
{"Category": "Arts & Entertainment", "State": "RP", "Count": 1},
{"Category": "Event Planning & Services", "State": "RP", "Count": 1},
{"Category": "Nightlife", "State": "RP", "Count": 1},
{"Category": "Hotels & Travel", "State": "RP", "Count": 1},
{"Category": "Food", "State": "RP", "Count": 1},
{"Category": "Hotels & Travel", "State": "FIF", "Count": 1},
{"Category": "Health & Medical", "State": "RP", "Count": 1},
{"Category": "Sandwiches", "State": "BW", "Count": 1},
{"Category": "Health & Medical", "State": "MLN", "Count": 1},
{"Category": "Food", "State": "KHL", "Count": 1},
{"Category": "Sandwiches", "State": "KHL", "Count": 1},
{"Category": "Restaurants", "State": "KHL", "Count": 1},
{"Category": "Fashion", "State": "MLN", "Count": 1},
{"Category": "Pizza", "State": "MLN", "Count": 1},
{"Category": "Active Life", "State": "MLN", "Count": 1},
{"Category": "Local Services", "State": "MN", "Count": 1},
{"Category": "Event Planning & Services", "State": "CA", "Count": 1},
{"Category": "Food", "State": "MA", "Count": 1},
{"Category": "Shopping", "State": "RP", "Count": 1},
{"Category": "Home Services", "State": "MLN", "Count": 1},
{"Category": "Sandwiches", "State": "NW", "Count": 1},
{"Category": "Restaurants", "State": "NW", "Count": 1},
{"Category": "Nightlife", "State": "FIF", "Count": 1},
{"Category": "Bars", "State": "FIF", "Count": 1},
{"Category": "Hotels & Travel", "State": "OR", "Count": 1},
{"Category": "Mexican", "State": "MLN", "Count": 1}
]