{"name": "Businesses>^<totalResults", "children": [{"name": "WA>^<WA", "children": [{"name": "Accountants>^<WAAccountants", "children": [{"name": "Professional Services>^<WAProfessional Services", "size": 1}, {"name": "Tax Services>^<WATax Services", "size": 1}, {"name": "Financial Services>^<WAFinancial Services", "size": 1}]}]}, {"name": "WI>^<WI", "children": [{"name": "Beauty & Spas>^<WIBeauty & Spas", "children": [{"name": "Hair Removal>^<WIHair Removal", "size": 11}, {"name": "Laser Hair Removal>^<WILaser Hair Removal", "size": 2}, {"name": "Cosmetic Surgeons>^<WICosmetic Surgeons", "size": 2}, {"name": "Health & Medical>^<WIHealth & Medical", "size": 64}, {"name": "Dermatologists>^<WIDermatologists", "size": 2}, {"name": "Doctors>^<WIDoctors", "size": 13}]}, {"name": "Restaurants>^<WIRestaurants", "children": []}, {"name": "Hotels & Travel>^<WIHotels & Travel", "children": [{"name": "RV Parks>^<WIRV Parks", "size": 1}, {"name": "Campgrounds>^<WICampgrounds", "size": 1}]}, {"name": "Food>^<WIFood", "children": [{"name": "Grocery>^<WIGrocery", "size": 61}]}, {"name": "Mass Media>^<WIMass Media", "children": [{"name": "Television Stations>^<WITelevision Stations", "size": 1}]}, {"name": "Home Services>^<WIHome Services", "children": [{"name": "Heating & Air Conditioning/HVAC>^<WIHeating & Air Conditioning/HVAC", "size": 4}]}, {"name": "Public Services & Government>^<WIPublic Services & Government", "children": [{"name": "Libraries>^<WILibraries", "size": 9}]}, {"name": "Event Planning & Services>^<WIEvent Planning & Services", "children": [{"name": "Caterers>^<WICaterers", "size": 15}, {"name": "Party & Event Planning>^<WIParty & Event Planning", "size": 8}]}, {"name": "Shopping>^<WIShopping", "children": [{"name": "Bridal>^<WIBridal", "size": 6}, {"name": "Jewelry>^<WIJewelry", "size": 15}, {"name": "Watches>^<WIWatches", "size": 3}]}, {"name": "Automotive>^<WIAutomotive", "children": [{"name": "Auto Parts & Supplies>^<WIAuto Parts & Supplies", "size": 15}, {"name": "Car Dealers>^<WICar Dealers", "size": 13}, {"name": "Auto Repair>^<WIAuto Repair", "size": 51}]}, {"name": "Active Life>^<WIActive Life", "children": [{"name": "Stadiums & Arenas>^<WIStadiums & Arenas", "size": 5}, {"name": "Arts & Entertainment>^<WIArts & Entertainment", "size": 70}]}, {"name": "Pets>^<WIPets", "children": [{"name": "Pet Services>^<WIPet Services", "size": 24}]}, {"name": "Nightlife>^<WINightlife", "children": []}, {"name": "Local Services>^<WILocal Services", "children": [{"name": "Shipping Centers>^<WIShipping Centers", "size": 8}, {"name": "Notaries>^<WINotaries", "size": 5}, {"name": "Printing Services>^<WIPrinting Services", "size": 12}]}, {"name": "Education>^<WIEducation", "children": [{"name": "Colleges & Universities>^<WIColleges & Universities", "size": 5}]}, {"name": "Professional Services>^<WIProfessional Services", "children": [{"name": "Accountants>^<WIAccountants", "size": 1}, {"name": "Payroll Services>^<WIPayroll Services", "size": 1}, {"name": "Financial Services>^<WIFinancial Services", "size": 13}, {"name": "Tax Services>^<WITax Services", "size": 1}]}, {"name": "Local Flavor>^<WILocal Flavor", "children": []}]}, {"name": "BW>^<BW", "children": [{"name": "Shopping>^<BWShopping", "children": [{"name": "Department Stores>^<BWDepartment Stores", "size": 5}, {"name": "Fashion>^<BWFashion", "size": 40}]}, {"name": "Hotels & Travel>^<BWHotels & Travel", "children": [{"name": "Event Planning & Services>^<BWEvent Planning & Services", "size": 51}, {"name": "Hotels>^<BWHotels", "size": 43}]}, {"name": "Beauty & Spas>^<BWBeauty & Spas", "children": [{"name": "Hair Salons>^<BWHair Salons", "size": 26}, {"name": "Hair Stylists>^<BWHair Stylists", "size": 15}]}, {"name": "Restaurants>^<BWRestaurants", "children": [{"name": "Greek>^<BWGreek", "size": 26}]}, {"name": "Active Life>^<BWActive Life", "children": [{"name": "Swimming Pools>^<BWSwimming Pools", "size": 9}, {"name": "Kids Activities>^<BWKids Activities", "size": 4}]}, {"name": "Food>^<BWFood", "children": [{"name": "Beverage Store>^<BWBeverage Store", "size": 5}]}, {"name": "Pets>^<BWPets", "children": [{"name": "Pet Services>^<BWPet Services", "size": 1}, {"name": "Animal Shelters>^<BWAnimal Shelters", "size": 1}, {"name": "Pet Boarding/Pet Sitting>^<BWPet Boarding/Pet Sitting", "size": 1}]}, {"name": "Health & Medical>^<BWHealth & Medical", "children": [{"name": "Allergists>^<BWAllergists", "size": 1}, {"name": "Dermatologists>^<BWDermatologists", "size": 4}, {"name": "Doctors>^<BWDoctors", "size": 20}]}, {"name": "Local Services>^<BWLocal Services", "children": [{"name": "Dry Cleaning & Laundry>^<BWDry Cleaning & Laundry", "size": 3}]}, {"name": "Automotive>^<BWAutomotive", "children": [{"name": "Car Wash>^<BWCar Wash", "size": 4}, {"name": "Auto Repair>^<BWAuto Repair", "size": 9}]}, {"name": "Arts & Entertainment>^<BWArts & Entertainment", "children": [{"name": "Cinema>^<BWCinema", "size": 6}]}, {"name": "Nightlife>^<BWNightlife", "children": [{"name": "Cocktail Bars>^<BWCocktail Bars", "size": 16}, {"name": "Bars>^<BWBars", "size": 75}]}, {"name": "Public Services & Government>^<BWPublic Services & Government", "children": [{"name": "Libraries>^<BWLibraries", "size": 3}, {"name": "Mass Media>^<BWMass Media", "size": 3}]}, {"name": "Education>^<BWEducation", "children": [{"name": "Middle Schools & High Schools>^<BWMiddle Schools & High Schools", "size": 1}, {"name": "Elementary Schools>^<BWElementary Schools", "size": 1}]}, {"name": "Professional Services>^<BWProfessional Services", "children": [{"name": "Accountants>^<BWAccountants", "size": 3}]}, {"name": "Home Services>^<BWHome Services", "children": [{"name": "Gardeners>^<BWGardeners", "size": 1}]}, {"name": "Local Flavor>^<BWLocal Flavor", "children": []}, {"name": "Banks & Credit Unions>^<BWBanks & Credit Unions", "children": [{"name": "Financial Services>^<BWFinancial Services", "size": 2}]}]}, {"name": "RP>^<RP", "children": [{"name": "Restaurants>^<RPRestaurants", "children": [{"name": "Beer Garden>^<RPBeer Garden", "size": 2}, {"name": "Music Venues>^<RPMusic Venues", "size": 1}, {"name": "German>^<RPGerman", "size": 5}, {"name": "Arts & Entertainment>^<RPArts & Entertainment", "size": 1}, {"name": "Nightlife>^<RPNightlife", "size": 1}, {"name": "Hotels & Travel>^<RPHotels & Travel", "size": 1}, {"name": "Hotels>^<RPHotels", "size": 1}, {"name": "Event Planning & Services>^<RPEvent Planning & Services", "size": 1}, {"name": "Venues & Event Spaces>^<RPVenues & Event Spaces", "size": 1}]}, {"name": "Investing>^<RPInvesting", "children": [{"name": "Financial Services>^<RPFinancial Services", "size": 1}, {"name": "Insurance>^<RPInsurance", "size": 1}]}, {"name": "Health & Medical>^<RPHealth & Medical", "children": [{"name": "Pharmacy>^<RPPharmacy", "size": 1}]}, {"name": "Shopping>^<RPShopping", "children": [{"name": "Hardware Stores>^<RPHardware Stores", "size": 1}, {"name": "Home & Garden>^<RPHome & Garden", "size": 1}]}]}, {"name": "NC>^<NC", "children": [{"name": "Automotive>^<NCAutomotive", "children": [{"name": "Auto Repair>^<NCAuto Repair", "size": 96}]}, {"name": "Restaurants>^<NCRestaurants", "children": []}, {"name": "Shopping>^<NCShopping", "children": [{"name": "Food>^<NCFood", "size": 672}, {"name": "Grocery>^<NCGrocery", "size": 133}, {"name": "Drugstores>^<NCDrugstores", "size": 77}]}, {"name": "Active Life>^<NCActive Life", "children": [{"name": "Bowling>^<NCBowling", "size": 7}]}, {"name": "Public Services & Government>^<NCPublic Services & Government", "children": [{"name": "Post Offices>^<NCPost Offices", "size": 14}]}, {"name": "Beauty & Spas>^<NCBeauty & Spas", "children": [{"name": "Nail Salons>^<NCNail Salons", "size": 104}]}, {"name": "Local Flavor>^<NCLocal Flavor", "children": []}, {"name": "Arts & Entertainment>^<NCArts & Entertainment", "children": [{"name": "Museums>^<NCMuseums", "size": 20}]}, {"name": "Pets>^<NCPets", "children": [{"name": "Veterinarians>^<NCVeterinarians", "size": 35}]}, {"name": "Local Services>^<NCLocal Services", "children": [{"name": "Dry Cleaning & Laundry>^<NCDry Cleaning & Laundry", "size": 45}]}, {"name": "Event Planning & Services>^<NCEvent Planning & Services", "children": [{"name": "Hotels & Travel>^<NCHotels & Travel", "size": 189}, {"name": "Hotels>^<NCHotels", "size": 134}]}, {"name": "Home Services>^<NCHome Services", "children": [{"name": "Heating & Air Conditioning/HVAC>^<NCHeating & Air Conditioning/HVAC", "size": 7}]}, {"name": "Health & Medical>^<NCHealth & Medical", "children": [{"name": "Hospitals>^<NCHospitals", "size": 7}]}, {"name": "Education>^<NCEducation", "children": [{"name": "Colleges & Universities>^<NCColleges & Universities", "size": 8}]}, {"name": "Nightlife>^<NCNightlife", "children": [{"name": "Bars>^<NCBars", "size": 312}]}, {"name": "Mass Media>^<NCMass Media", "children": [{"name": "Print Media>^<NCPrint Media", "size": 3}]}, {"name": "Financial Services>^<NCFinancial Services", "children": [{"name": "Financial Advising>^<NCFinancial Advising", "size": 1}, {"name": "Tax Services>^<NCTax Services", "size": 1}]}, {"name": "Religious Organizations>^<NCReligious Organizations", "children": []}, {"name": "Professional Services>^<NCProfessional Services", "children": [{"name": "Divorce & Family Law>^<NCDivorce & Family Law", "size": 1}, {"name": "Lawyers>^<NCLawyers", "size": 4}]}]}, {"name": "SCB>^<SCB", "children": [{"name": "Shopping>^<SCBShopping", "children": [{"name": "Sporting Goods>^<SCBSporting Goods", "size": 1}]}, {"name": "Event Planning & Services>^<SCBEvent Planning & Services", "children": [{"name": "Hotels & Travel>^<SCBHotels & Travel", "size": 1}, {"name": "Hotels>^<SCBHotels", "size": 1}]}, {"name": "Animal Shelters>^<SCBAnimal Shelters", "children": [{"name": "Pets>^<SCBPets", "size": 1}]}]}, {"name": "PA>^<PA", "children": [{"name": "Nightlife>^<PANightlife", "children": []}, {"name": "Active Life>^<PAActive Life", "children": [{"name": "Mini Golf>^<PAMini Golf", "size": 3}, {"name": "Golf>^<PAGolf", "size": 2}]}, {"name": "Shopping>^<PAShopping", "children": [{"name": "Internet Service Providers>^<PAInternet Service Providers", "size": 4}, {"name": "Electronics>^<PAElectronics", "size": 5}, {"name": "Mobile Phones>^<PAMobile Phones", "size": 6}, {"name": "Home Services>^<PAHome Services", "size": 50}, {"name": "Professional Services>^<PAProfessional Services", "size": 10}]}, {"name": "Automotive>^<PAAutomotive", "children": [{"name": "Auto Repair>^<PAAuto Repair", "size": 38}]}, {"name": "Restaurants>^<PARestaurants", "children": [{"name": "American (Traditional)>^<PAAmerican (Traditional)", "size": 151}, {"name": "Burgers>^<PABurgers", "size": 72}, {"name": "Breakfast & Brunch>^<PABreakfast & Brunch", "size": 71}]}, {"name": "Food>^<PAFood", "children": [{"name": "Grocery>^<PAGrocery", "size": 73}]}, {"name": "Event Planning & Services>^<PAEvent Planning & Services", "children": [{"name": "Hotels & Travel>^<PAHotels & Travel", "size": 84}, {"name": "Hotels>^<PAHotels", "size": 51}]}, {"name": "Local Services>^<PALocal Services", "children": [{"name": "Sewing & Alterations>^<PASewing & Alterations", "size": 13}]}, {"name": "Health & Medical>^<PAHealth & Medical", "children": [{"name": "Dentists>^<PADentists", "size": 19}, {"name": "General Dentistry>^<PAGeneral Dentistry", "size": 14}]}, {"name": "Pets>^<PAPets", "children": [{"name": "Veterinarians>^<PAVeterinarians", "size": 13}]}, {"name": "Beauty & Spas>^<PABeauty & Spas", "children": [{"name": "Tattoo>^<PATattoo", "size": 12}, {"name": "Piercing>^<PAPiercing", "size": 10}]}, {"name": "Arts & Entertainment>^<PAArts & Entertainment", "children": [{"name": "Performing Arts>^<PAPerforming Arts", "size": 25}]}, {"name": "Public Services & Government>^<PAPublic Services & Government", "children": [{"name": "Libraries>^<PALibraries", "size": 8}]}, {"name": "Education>^<PAEducation", "children": [{"name": "Specialty Schools>^<PASpecialty Schools", "size": 8}, {"name": "Art Schools>^<PAArt Schools", "size": 3}]}, {"name": "Churches>^<PAChurches", "children": [{"name": "Religious Organizations>^<PAReligious Organizations", "size": 8}]}, {"name": "Mass Media>^<PAMass Media", "children": [{"name": "Print Media>^<PAPrint Media", "size": 4}]}, {"name": "Financial Services>^<PAFinancial Services", "children": [{"name": "Banks & Credit Unions>^<PABanks & Credit Unions", "size": 11}]}, {"name": "Local Flavor>^<PALocal Flavor", "children": []}]}, {"name": "KHL>^<KHL", "children": [{"name": "Food>^<KHLFood", "children": [{"name": "Soup>^<KHLSoup", "size": 1}, {"name": "Coffee & Tea>^<KHLCoffee & Tea", "size": 1}, {"name": "Sandwiches>^<KHLSandwiches", "size": 1}, {"name": "Restaurants>^<KHLRestaurants", "size": 1}]}]}, {"name": "NV>^<NV", "children": [{"name": "Shopping>^<NVShopping", "children": [{"name": "Food>^<NVFood", "size": 1797}, {"name": "Grocery>^<NVGrocery", "size": 266}, {"name": "Drugstores>^<NVDrugstores", "size": 141}]}, {"name": "Restaurants>^<NVRestaurants", "children": [{"name": "Burgers>^<NVBurgers", "size": 367}, {"name": "Fast Food>^<NVFast Food", "size": 695}]}, {"name": "Active Life>^<NVActive Life", "children": [{"name": "Golf>^<NVGolf", "size": 50}]}, {"name": "Beauty & Spas>^<NVBeauty & Spas", "children": [{"name": "Nail Salons>^<NVNail Salons", "size": 398}]}, {"name": "Home Services>^<NVHome Services", "children": [{"name": "Real Estate>^<NVReal Estate", "size": 289}, {"name": "Apartments>^<NVApartments", "size": 141}]}, {"name": "Pets>^<NVPets", "children": [{"name": "Veterinarians>^<NVVeterinarians", "size": 90}]}, {"name": "Local Services>^<NVLocal Services", "children": [{"name": "Shipping Centers>^<NVShipping Centers", "size": 80}, {"name": "Notaries>^<NVNotaries", "size": 51}, {"name": "Printing Services>^<NVPrinting Services", "size": 100}]}, {"name": "Health & Medical>^<NVHealth & Medical", "children": [{"name": "Dermatologists>^<NVDermatologists", "size": 24}, {"name": "Doctors>^<NVDoctors", "size": 360}]}, {"name": "Event Planning & Services>^<NVEvent Planning & Services", "children": [{"name": "Party Supplies>^<NVParty Supplies", "size": 15}]}, {"name": "Automotive>^<NVAutomotive", "children": [{"name": "Tires>^<NVTires", "size": 132}, {"name": "Oil Change Stations>^<NVOil Change Stations", "size": 95}, {"name": "Auto Repair>^<NVAuto Repair", "size": 345}]}, {"name": "Hotels & Travel>^<NVHotels & Travel", "children": [{"name": "Car Rental>^<NVCar Rental", "size": 69}]}, {"name": "Financial Services>^<NVFinancial Services", "children": [{"name": "Banks & Credit Unions>^<NVBanks & Credit Unions", "size": 142}]}, {"name": "Education>^<NVEducation", "children": [{"name": "Specialty Schools>^<NVSpecialty Schools", "size": 60}, {"name": "Cosmetology Schools>^<NVCosmetology Schools", "size": 6}]}, {"name": "Arts & Entertainment>^<NVArts & Entertainment", "children": [{"name": "Casinos>^<NVCasinos", "size": 205}]}, {"name": "Nightlife>^<NVNightlife", "children": []}, {"name": "Religious Organizations>^<NVReligious Organizations", "children": [{"name": "Churches>^<NVChurches", "size": 36}]}, {"name": "Professional Services>^<NVProfessional Services", "children": [{"name": "Divorce & Family Law>^<NVDivorce & Family Law", "size": 10}, {"name": "Lawyers>^<NVLawyers", "size": 48}]}, {"name": "Public Services & Government>^<NVPublic Services & Government", "children": []}, {"name": "Mass Media>^<NVMass Media", "children": [{"name": "Print Media>^<NVPrint Media", "size": 4}]}, {"name": "Local Flavor>^<NVLocal Flavor", "children": []}]}, {"name": "NW>^<NW", "children": [{"name": "Sandwiches>^<NWSandwiches", "children": [{"name": "Restaurants>^<NWRestaurants", "size": 1}]}]}, {"name": "ELN>^<ELN", "children": [{"name": "Food>^<ELNFood", "children": [{"name": "Beer, Wine & Spirits>^<ELNBeer, Wine & Spirits", "size": 1}, {"name": "Grocery>^<ELNGrocery", "size": 1}]}, {"name": "Restaurants>^<ELNRestaurants", "children": [{"name": "Italian>^<ELNItalian", "size": 1}]}, {"name": "Pubs>^<ELNPubs", "children": [{"name": "Bars>^<ELNBars", "size": 2}, {"name": "Nightlife>^<ELNNightlife", "size": 2}]}]}, {"name": "HAM>^<HAM", "children": [{"name": "Fashion>^<HAMFashion", "children": [{"name": "Shopping>^<HAMShopping", "size": 1}, {"name": "Flowers & Gifts>^<HAMFlowers & Gifts", "size": 1}, {"name": "Souvenir Shops>^<HAMSouvenir Shops", "size": 1}, {"name": "Gift Shops>^<HAMGift Shops", "size": 1}, {"name": "Children's Clothing>^<HAMChildren's Clothing", "size": 1}]}]}, {"name": "CA>^<CA", "children": [{"name": "Arts & Entertainment>^<CAArts & Entertainment", "children": [{"name": "Museums>^<CAMuseums", "size": 1}, {"name": "Active Life>^<CAActive Life", "size": 1}, {"name": "Amusement Parks>^<CAAmusement Parks", "size": 1}]}, {"name": "Event Photography>^<CAEvent Photography", "children": [{"name": "Photographers>^<CAPhotographers", "size": 1}, {"name": "Event Planning & Services>^<CAEvent Planning & Services", "size": 1}, {"name": "Session Photography>^<CASession Photography", "size": 1}]}]}, {"name": "MLN>^<MLN", "children": [{"name": "Restaurants>^<MLNRestaurants", "children": [{"name": "Indian>^<MLNIndian", "size": 7}]}, {"name": "Shopping>^<MLNShopping", "children": [{"name": "Furniture Stores>^<MLNFurniture Stores", "size": 1}, {"name": "Home & Garden>^<MLNHome & Garden", "size": 6}]}, {"name": "Religious Organizations>^<MLNReligious Organizations", "children": []}, {"name": "Hotels & Travel>^<MLNHotels & Travel", "children": [{"name": "Event Planning & Services>^<MLNEvent Planning & Services", "size": 10}, {"name": "Hotels>^<MLNHotels", "size": 9}]}, {"name": "Food>^<MLNFood", "children": [{"name": "Beer, Wine & Spirits>^<MLNBeer, Wine & Spirits", "size": 3}, {"name": "Grocery>^<MLNGrocery", "size": 2}]}, {"name": "Pet Stores>^<MLNPet Stores", "children": [{"name": "Pets>^<MLNPets", "size": 2}]}, {"name": "Nightlife>^<MLNNightlife", "children": [{"name": "Pubs>^<MLNPubs", "size": 11}, {"name": "Bars>^<MLNBars", "size": 17}]}, {"name": "Arts & Entertainment>^<MLNArts & Entertainment", "children": [{"name": "Museums>^<MLNMuseums", "size": 1}]}, {"name": "Local Flavor>^<MLNLocal Flavor", "children": []}, {"name": "Education>^<MLNEducation", "children": [{"name": "Colleges & Universities>^<MLNColleges & Universities", "size": 2}]}, {"name": "Health & Medical>^<MLNHealth & Medical", "children": [{"name": "Dentists>^<MLNDentists", "size": 1}]}, {"name": "Automotive>^<MLNAutomotive", "children": [{"name": "Gas & Service Stations>^<MLNGas & Service Stations", "size": 1}]}, {"name": "Fitness & Instruction>^<MLNFitness & Instruction", "children": [{"name": "Gyms>^<MLNGyms", "size": 1}, {"name": "Active Life>^<MLNActive Life", "size": 1}]}, {"name": "Public Services & Government>^<MLNPublic Services & Government", "children": [{"name": "Landmarks & Historical Buildings>^<MLNLandmarks & Historical Buildings", "size": 2}]}, {"name": "Local Services>^<MLNLocal Services", "children": [{"name": "Community Service/Non-Profit>^<MLNCommunity Service/Non-Profit", "size": 1}]}, {"name": "Home Services>^<MLNHome Services", "children": []}]}, {"name": "FIF>^<FIF", "children": [{"name": "Restaurants>^<FIFRestaurants", "children": [{"name": "Fast Food>^<FIFFast Food", "size": 1}]}, {"name": "Museums>^<FIFMuseums", "children": [{"name": "Arts & Entertainment>^<FIFArts & Entertainment", "size": 1}]}, {"name": "Public Transportation>^<FIFPublic Transportation", "children": [{"name": "Transportation>^<FIFTransportation", "size": 1}, {"name": "Hotels & Travel>^<FIFHotels & Travel", "size": 1}]}]}, {"name": "IL>^<IL", "children": [{"name": "Restaurants>^<ILRestaurants", "children": [{"name": "American (Traditional)>^<ILAmerican (Traditional)", "size": 26}, {"name": "Bars>^<ILBars", "size": 52}, {"name": "Nightlife>^<ILNightlife", "size": 56}]}, {"name": "Automotive>^<ILAutomotive", "children": [{"name": "Body Shops>^<ILBody Shops", "size": 4}, {"name": "Auto Repair>^<ILAuto Repair", "size": 19}]}, {"name": "Beauty & Spas>^<ILBeauty & Spas", "children": [{"name": "Nail Salons>^<ILNail Salons", "size": 7}]}, {"name": "Pets>^<ILPets", "children": [{"name": "Veterinarians>^<ILVeterinarians", "size": 6}]}, {"name": "Shopping>^<ILShopping", "children": [{"name": "Bakeries>^<ILBakeries", "size": 13}, {"name": "Grocery>^<ILGrocery", "size": 9}, {"name": "Florists>^<ILFlorists", "size": 9}, {"name": "Food>^<ILFood", "size": 86}, {"name": "Flowers & Gifts>^<ILFlowers & Gifts", "size": 9}]}, {"name": "Event Planning & Services>^<ILEvent Planning & Services", "children": [{"name": "Hotels & Travel>^<ILHotels & Travel", "size": 32}, {"name": "Hotels>^<ILHotels", "size": 24}]}, {"name": "Home Services>^<ILHome Services", "children": [{"name": "Heating & Air Conditioning/HVAC>^<ILHeating & Air Conditioning/HVAC", "size": 1}]}, {"name": "Health & Medical>^<ILHealth & Medical", "children": [{"name": "Medical Centers>^<ILMedical Centers", "size": 3}, {"name": "Fertility>^<ILFertility", "size": 1}, {"name": "Obstetricians & Gynecologists>^<ILObstetricians & Gynecologists", "size": 1}, {"name": "Doctors>^<ILDoctors", "size": 4}]}, {"name": "Education>^<ILEducation", "children": [{"name": "Colleges & Universities>^<ILColleges & Universities", "size": 5}]}, {"name": "Mass Media>^<ILMass Media", "children": []}, {"name": "Local Services>^<ILLocal Services", "children": [{"name": "Printing Services>^<ILPrinting Services", "size": 2}]}, {"name": "Public Services & Government>^<ILPublic Services & Government", "children": [{"name": "Libraries>^<ILLibraries", "size": 4}]}, {"name": "Active Life>^<ILActive Life", "children": [{"name": "Mini Golf>^<ILMini Golf", "size": 1}, {"name": "Amusement Parks>^<ILAmusement Parks", "size": 1}]}, {"name": "Arts & Entertainment>^<ILArts & Entertainment", "children": [{"name": "Cinema>^<ILCinema", "size": 1}]}, {"name": "Financial Services>^<ILFinancial Services", "children": [{"name": "Insurance>^<ILInsurance", "size": 1}]}]}, {"name": "AZ>^<AZ", "children": [{"name": "Health & Medical>^<AZHealth & Medical", "children": [{"name": "Doctors>^<AZDoctors", "size": 609}]}, {"name": "Restaurants>^<AZRestaurants", "children": [{"name": "Pizza>^<AZPizza", "size": 944}, {"name": "Chicken Wings>^<AZChicken Wings", "size": 242}, {"name": "Sandwiches>^<AZSandwiches", "size": 834}]}, {"name": "Nightlife>^<AZNightlife", "children": [{"name": "Bars>^<AZBars", "size": 1084}, {"name": "Dance Clubs>^<AZDance Clubs", "size": 73}]}, {"name": "Automotive>^<AZAutomotive", "children": [{"name": "Tires>^<AZTires", "size": 240}, {"name": "Oil Change Stations>^<AZOil Change Stations", "size": 248}, {"name": "Auto Repair>^<AZAuto Repair", "size": 646}]}, {"name": "Beauty & Spas>^<AZBeauty & Spas", "children": [{"name": "Barbers>^<AZBarbers", "size": 203}]}, {"name": "Active Life>^<AZActive Life", "children": [{"name": "Fitness & Instruction>^<AZFitness & Instruction", "size": 548}, {"name": "Gyms>^<AZGyms", "size": 284}, {"name": "Trainers>^<AZTrainers", "size": 208}]}, {"name": "Shopping>^<AZShopping", "children": [{"name": "Jewelry>^<AZJewelry", "size": 190}]}, {"name": "Event Planning & Services>^<AZEvent Planning & Services", "children": [{"name": "Caterers>^<AZCaterers", "size": 73}, {"name": "Hotels & Travel>^<AZHotels & Travel", "size": 702}, {"name": "Hotels>^<AZHotels", "size": 427}]}, {"name": "Food>^<AZFood", "children": [{"name": "Fruits & Veggies>^<AZFruits & Veggies", "size": 16}, {"name": "Ethnic Food>^<AZEthnic Food", "size": 65}, {"name": "Specialty Food>^<AZSpecialty Food", "size": 300}]}, {"name": "Religious Organizations>^<AZReligious Organizations", "children": [{"name": "Churches>^<AZChurches", "size": 56}]}, {"name": "Arts & Entertainment>^<AZArts & Entertainment", "children": [{"name": "Museums>^<AZMuseums", "size": 39}]}, {"name": "Education>^<AZEducation", "children": [{"name": "Middle Schools & High Schools>^<AZMiddle Schools & High Schools", "size": 27}, {"name": "Elementary Schools>^<AZElementary Schools", "size": 43}]}, {"name": "Financial Services>^<AZFinancial Services", "children": [{"name": "Banks & Credit Unions>^<AZBanks & Credit Unions", "size": 163}]}, {"name": "Home Services>^<AZHome Services", "children": [{"name": "Apartments>^<AZApartments", "size": 263}, {"name": "Real Estate>^<AZReal Estate", "size": 455}]}, {"name": "Mass Media>^<AZMass Media", "children": [{"name": "Radio Stations>^<AZRadio Stations", "size": 15}]}, {"name": "Local Services>^<AZLocal Services", "children": [{"name": "Printing Services>^<AZPrinting Services", "size": 152}]}, {"name": "Pets>^<AZPets", "children": [{"name": "Pet Services>^<AZPet Services", "size": 323}, {"name": "Pet Stores>^<AZPet Stores", "size": 164}]}, {"name": "Professional Services>^<AZProfessional Services", "children": []}, {"name": "Public Services & Government>^<AZPublic Services & Government", "children": [{"name": "Libraries>^<AZLibraries", "size": 31}]}, {"name": "Local Flavor>^<AZLocal Flavor", "children": []}]}, {"name": "ON>^<ON", "children": [{"name": "Restaurants>^<ONRestaurants", "children": [{"name": "Bakeries>^<ONBakeries", "size": 10}, {"name": "Food>^<ONFood", "size": 67}, {"name": "Coffee & Tea>^<ONCoffee & Tea", "size": 25}, {"name": "Sandwiches>^<ONSandwiches", "size": 18}]}, {"name": "Nightlife>^<ONNightlife", "children": [{"name": "Pubs>^<ONPubs", "size": 11}, {"name": "Bars>^<ONBars", "size": 37}]}, {"name": "Hair Salons>^<ONHair Salons", "children": [{"name": "Beauty & Spas>^<ONBeauty & Spas", "size": 3}]}, {"name": "Event Planning & Services>^<ONEvent Planning & Services", "children": [{"name": "Hotels>^<ONHotels", "size": 12}, {"name": "Venues & Event Spaces>^<ONVenues & Event Spaces", "size": 3}, {"name": "Hotels & Travel>^<ONHotels & Travel", "size": 15}]}, {"name": "Shopping>^<ONShopping", "children": [{"name": "Tires>^<ONTires", "size": 3}, {"name": "Automotive>^<ONAutomotive", "size": 4}, {"name": "Hardware Stores>^<ONHardware Stores", "size": 1}, {"name": "Home & Garden>^<ONHome & Garden", "size": 3}]}, {"name": "Education>^<ONEducation", "children": [{"name": "Colleges & Universities>^<ONColleges & Universities", "size": 2}]}, {"name": "Arts & Entertainment>^<ONArts & Entertainment", "children": [{"name": "Cinema>^<ONCinema", "size": 3}]}, {"name": "Fitness & Instruction>^<ONFitness & Instruction", "children": [{"name": "Gyms>^<ONGyms", "size": 1}, {"name": "Sports Clubs>^<ONSports Clubs", "size": 1}, {"name": "Trainers>^<ONTrainers", "size": 1}, {"name": "Active Life>^<ONActive Life", "size": 2}]}, {"name": "Graphic Design>^<ONGraphic Design", "children": [{"name": "Professional Services>^<ONProfessional Services", "size": 1}]}]}, {"name": "XGL>^<XGL", "children": [{"name": "Tapas Bars>^<XGLTapas Bars", "children": [{"name": "Restaurants>^<XGLRestaurants", "size": 1}]}]}, {"name": "MA>^<MA", "children": [{"name": "Food>^<MAFood", "children": [{"name": "Desserts>^<MADesserts", "size": 1}]}]}, {"name": "EDH>^<EDH", "children": [{"name": "Food>^<EDHFood", "children": [{"name": "Seafood Markets>^<EDHSeafood Markets", "size": 10}, {"name": "Specialty Food>^<EDHSpecialty Food", "size": 74}]}, {"name": "Restaurants>^<EDHRestaurants", "children": [{"name": "Gastropubs>^<EDHGastropubs", "size": 55}, {"name": "Scottish>^<EDHScottish", "size": 27}, {"name": "Bars>^<EDHBars", "size": 424}, {"name": "Nightlife>^<EDHNightlife", "size": 477}]}, {"name": "Public Services & Government>^<EDHPublic Services & Government", "children": [{"name": "Landmarks & Historical Buildings>^<EDHLandmarks & Historical Buildings", "size": 29}]}, {"name": "Arts & Entertainment>^<EDHArts & Entertainment", "children": [{"name": "Museums>^<EDHMuseums", "size": 14}]}, {"name": "Event Planning & Services>^<EDHEvent Planning & Services", "children": [{"name": "Hotels & Travel>^<EDHHotels & Travel", "size": 165}, {"name": "Hotels>^<EDHHotels", "size": 99}]}, {"name": "Shopping>^<EDHShopping", "children": [{"name": "Local Flavor>^<EDHLocal Flavor", "size": 51}]}, {"name": "Churches>^<EDHChurches", "children": [{"name": "Religious Organizations>^<EDHReligious Organizations", "size": 8}]}, {"name": "Local Services>^<EDHLocal Services", "children": [{"name": "Community Service/Non-Profit>^<EDHCommunity Service/Non-Profit", "size": 19}]}, {"name": "Automotive>^<EDHAutomotive", "children": [{"name": "Car Dealers>^<EDHCar Dealers", "size": 1}]}, {"name": "Active Life>^<EDHActive Life", "children": [{"name": "Fitness & Instruction>^<EDHFitness & Instruction", "size": 15}, {"name": "Gyms>^<EDHGyms", "size": 12}]}, {"name": "Financial Services>^<EDHFinancial Services", "children": [{"name": "Banks & Credit Unions>^<EDHBanks & Credit Unions", "size": 5}]}, {"name": "Home Services>^<EDHHome Services", "children": [{"name": "Carpeting>^<EDHCarpeting", "size": 1}]}, {"name": "Education>^<EDHEducation", "children": [{"name": "Specialty Schools>^<EDHSpecialty Schools", "size": 5}, {"name": "Dance Schools>^<EDHDance Schools", "size": 2}]}, {"name": "Health & Medical>^<EDHHealth & Medical", "children": [{"name": "Dentists>^<EDHDentists", "size": 3}]}, {"name": "Beauty & Spas>^<EDHBeauty & Spas", "children": [{"name": "Hair Salons>^<EDHHair Salons", "size": 41}]}, {"name": "Mass Media>^<EDHMass Media", "children": []}, {"name": "Pets>^<EDHPets", "children": [{"name": "Veterinarians>^<EDHVeterinarians", "size": 3}]}]}, {"name": "MN>^<MN", "children": [{"name": "IT Services & Computer Repair>^<MNIT Services & Computer Repair", "children": [{"name": "Electronics Repair>^<MNElectronics Repair", "size": 1}, {"name": "Local Services>^<MNLocal Services", "size": 1}, {"name": "Mobile Phone Repair>^<MNMobile Phone Repair", "size": 1}]}]}, {"name": "NTH>^<NTH", "children": [{"name": "Nightlife>^<NTHNightlife", "children": [{"name": "Dance Clubs>^<NTHDance Clubs", "size": 1}]}]}, {"name": "QC>^<QC", "children": [{"name": "Restaurants>^<QCRestaurants", "children": [{"name": "Cafes>^<QCCafes", "size": 180}]}, {"name": "Nightlife>^<QCNightlife", "children": [{"name": "Pubs>^<QCPubs", "size": 57}, {"name": "Bars>^<QCBars", "size": 278}, {"name": "Sports Bars>^<QCSports Bars", "size": 17}]}, {"name": "Food>^<QCFood", "children": [{"name": "Bakeries>^<QCBakeries", "size": 137}]}, {"name": "Arts & Entertainment>^<QCArts & Entertainment", "children": [{"name": "Museums>^<QCMuseums", "size": 18}, {"name": "Botanical Gardens>^<QCBotanical Gardens", "size": 2}]}, {"name": "Beauty & Spas>^<QCBeauty & Spas", "children": [{"name": "Massage>^<QCMassage", "size": 17}]}, {"name": "Automotive>^<QCAutomotive", "children": [{"name": "Tires>^<QCTires", "size": 4}, {"name": "Auto Repair>^<QCAuto Repair", "size": 9}]}, {"name": "Event Planning & Services>^<QCEvent Planning & Services", "children": [{"name": "Caterers>^<QCCaterers", "size": 29}, {"name": "Venues & Event Spaces>^<QCVenues & Event Spaces", "size": 30}]}, {"name": "Hotels & Travel>^<QCHotels & Travel", "children": [{"name": "Taxis>^<QCTaxis", "size": 5}, {"name": "Transportation>^<QCTransportation", "size": 18}]}, {"name": "Active Life>^<QCActive Life", "children": [{"name": "Fitness & Instruction>^<QCFitness & Instruction", "size": 32}, {"name": "Gyms>^<QCGyms", "size": 10}]}, {"name": "Shopping>^<QCShopping", "children": [{"name": "Electronics>^<QCElectronics", "size": 7}]}, {"name": "Local Services>^<QCLocal Services", "children": [{"name": "Printing Services>^<QCPrinting Services", "size": 2}]}, {"name": "Pets>^<QCPets", "children": [{"name": "Veterinarians>^<QCVeterinarians", "size": 2}]}, {"name": "Religious Organizations>^<QCReligious Organizations", "children": []}, {"name": "Financial Services>^<QCFinancial Services", "children": [{"name": "Banks & Credit Unions>^<QCBanks & Credit Unions", "size": 1}]}, {"name": "Mass Media>^<QCMass Media", "children": [{"name": "Radio Stations>^<QCRadio Stations", "size": 1}, {"name": "Television Stations>^<QCTelevision Stations", "size": 2}]}, {"name": "Education>^<QCEducation", "children": [{"name": "Colleges & Universities>^<QCColleges & Universities", "size": 7}]}, {"name": "Health & Medical>^<QCHealth & Medical", "children": [{"name": "Dentists>^<QCDentists", "size": 2}, {"name": "General Dentistry>^<QCGeneral Dentistry", "size": 2}]}, {"name": "Local Flavor>^<QCLocal Flavor", "children": []}, {"name": "Public Services & Government>^<QCPublic Services & Government", "children": [{"name": "Libraries>^<QCLibraries", "size": 4}]}, {"name": "Home Services>^<QCHome Services", "children": [{"name": "Contractors>^<QCContractors", "size": 1}]}, {"name": "Marketing>^<QCMarketing", "children": [{"name": "Professional Services>^<QCProfessional Services", "size": 1}, {"name": "Web Design>^<QCWeb Design", "size": 1}]}]}, {"name": "SC>^<SC", "children": [{"name": "Food>^<SCFood", "children": [{"name": "Convenience Stores>^<SCConvenience Stores", "size": 3}]}, {"name": "Active Life>^<SCActive Life", "children": [{"name": "Parks>^<SCParks", "size": 1}, {"name": "Horseback Riding>^<SCHorseback Riding", "size": 1}, {"name": "Hiking>^<SCHiking", "size": 1}]}, {"name": "Restaurants>^<SCRestaurants", "children": [{"name": "Chinese>^<SCChinese", "size": 9}]}, {"name": "Event Planning & Services>^<SCEvent Planning & Services", "children": [{"name": "Hotels & Travel>^<SCHotels & Travel", "size": 3}, {"name": "Hotels>^<SCHotels", "size": 3}]}, {"name": "Automotive>^<SCAutomotive", "children": [{"name": "Tires>^<SCTires", "size": 3}, {"name": "Auto Repair>^<SCAuto Repair", "size": 3}]}, {"name": "Health & Medical>^<SCHealth & Medical", "children": [{"name": "Dentists>^<SCDentists", "size": 1}, {"name": "General Dentistry>^<SCGeneral Dentistry", "size": 1}]}, {"name": "Pets>^<SCPets", "children": [{"name": "Veterinarians>^<SCVeterinarians", "size": 3}]}, {"name": "Beauty & Spas>^<SCBeauty & Spas", "children": [{"name": "Tanning>^<SCTanning", "size": 1}]}, {"name": "Home Services>^<SCHome Services", "children": [{"name": "Property Management>^<SCProperty Management", "size": 1}, {"name": "Real Estate>^<SCReal Estate", "size": 2}]}, {"name": "Arts & Entertainment>^<SCArts & Entertainment", "children": [{"name": "Stadiums & Arenas>^<SCStadiums & Arenas", "size": 1}, {"name": "Professional Sports Teams>^<SCProfessional Sports Teams", "size": 1}]}, {"name": "Shopping>^<SCShopping", "children": [{"name": "Fireworks>^<SCFireworks", "size": 2}]}, {"name": "Bars>^<SCBars", "children": [{"name": "Pubs>^<SCPubs", "size": 2}, {"name": "Nightlife>^<SCNightlife", "size": 14}]}]}, {"name": "OR>^<OR", "children": [{"name": "Transportation>^<ORTransportation", "children": [{"name": "Airlines>^<ORAirlines", "size": 1}, {"name": "Hotels & Travel>^<ORHotels & Travel", "size": 1}]}]}]}